<?xml version="1.0" encoding="UTF-8"?>
<GenRun Id="impl_1" LaunchPart="xc7z020clg484-3" LaunchTime="1685708413">
  <File Type="BITSTR-BMM" Name="Alphabet_recognition_bd.bmm"/>
  <File Type="OPT-METHODOLOGY-DRC" Name="Alphabet_recognition_methodology_drc_opted.rpt"/>
  <File Type="INIT-TIMING" Name="Alphabet_recognition_timing_summary_init.rpt"/>
  <File Type="ROUTE-PWR" Name="Alphabet_recognition_power_routed.rpt"/>
  <File Type="PA-TCL" Name="Alphabet_recognition.tcl"/>
  <File Type="OPT-TIMING" Name="Alphabet_recognition_timing_summary_opted.rpt"/>
  <File Type="OPT-DCP" Name="Alphabet_recognition_opt.dcp"/>
  <File Type="ROUTE-PWR-SUM" Name="Alphabet_recognition_power_summary_routed.pb"/>
  <File Type="REPORTS-TCL" Name="Alphabet_recognition_reports.tcl"/>
  <File Type="OPT-DRC" Name="Alphabet_recognition_drc_opted.rpt"/>
  <File Type="OPT-HWDEF" Name="Alphabet_recognition.hwdef"/>
  <File Type="PWROPT-DCP" Name="Alphabet_recognition_pwropt.dcp"/>
  <File Type="PWROPT-DRC" Name="Alphabet_recognition_drc_pwropted.rpt"/>
  <File Type="PWROPT-TIMING" Name="Alphabet_recognition_timing_summary_pwropted.rpt"/>
  <File Type="PLACE-DCP" Name="Alphabet_recognition_placed.dcp"/>
  <File Type="PLACE-IO" Name="Alphabet_recognition_io_placed.rpt"/>
  <File Type="PLACE-CLK" Name="Alphabet_recognition_clock_utilization_placed.rpt"/>
  <File Type="PLACE-UTIL" Name="Alphabet_recognition_utilization_placed.rpt"/>
  <File Type="PLACE-UTIL-PB" Name="Alphabet_recognition_utilization_placed.pb"/>
  <File Type="PLACE-CTRL" Name="Alphabet_recognition_control_sets_placed.rpt"/>
  <File Type="PLACE-SIMILARITY" Name="Alphabet_recognition_incremental_reuse_placed.rpt"/>
  <File Type="PLACE-PRE-SIMILARITY" Name="Alphabet_recognition_incremental_reuse_pre_placed.rpt"/>
  <File Type="BG-BGN" Name="Alphabet_recognition.bgn"/>
  <File Type="PLACE-TIMING" Name="Alphabet_recognition_timing_summary_placed.rpt"/>
  <File Type="POSTPLACE-PWROPT-DCP" Name="Alphabet_recognition_postplace_pwropt.dcp"/>
  <File Type="BG-BIN" Name="Alphabet_recognition.bin"/>
  <File Type="POSTPLACE-PWROPT-TIMING" Name="Alphabet_recognition_timing_summary_postplace_pwropted.rpt"/>
  <File Type="PHYSOPT-DCP" Name="Alphabet_recognition_physopt.dcp"/>
  <File Type="PHYSOPT-DRC" Name="Alphabet_recognition_drc_physopted.rpt"/>
  <File Type="BITSTR-MSK" Name="Alphabet_recognition.msk"/>
  <File Type="PHYSOPT-TIMING" Name="Alphabet_recognition_timing_summary_physopted.rpt"/>
  <File Type="ROUTE-ERROR-DCP" Name="Alphabet_recognition_routed_error.dcp"/>
  <File Type="ROUTE-DCP" Name="Alphabet_recognition_routed.dcp"/>
  <File Type="ROUTE-BLACKBOX-DCP" Name="Alphabet_recognition_routed_bb.dcp"/>
  <File Type="ROUTE-DRC" Name="Alphabet_recognition_drc_routed.rpt"/>
  <File Type="ROUTE-DRC-PB" Name="Alphabet_recognition_drc_routed.pb"/>
  <File Type="BITSTR-LTX" Name="debug_nets.ltx"/>
  <File Type="BITSTR-LTX" Name="Alphabet_recognition.ltx"/>
  <File Type="ROUTE-DRC-RPX" Name="Alphabet_recognition_drc_routed.rpx"/>
  <File Type="BITSTR-MMI" Name="Alphabet_recognition.mmi"/>
  <File Type="ROUTE-METHODOLOGY-DRC" Name="Alphabet_recognition_methodology_drc_routed.rpt"/>
  <File Type="ROUTE-METHODOLOGY-DRC-RPX" Name="Alphabet_recognition_methodology_drc_routed.rpx"/>
  <File Type="BITSTR-SYSDEF" Name="Alphabet_recognition.sysdef"/>
  <File Type="ROUTE-METHODOLOGY-DRC-PB" Name="Alphabet_recognition_methodology_drc_routed.pb"/>
  <File Type="ROUTE-PWR-RPX" Name="Alphabet_recognition_power_routed.rpx"/>
  <File Type="ROUTE-STATUS" Name="Alphabet_recognition_route_status.rpt"/>
  <File Type="ROUTE-STATUS-PB" Name="Alphabet_recognition_route_status.pb"/>
  <File Type="ROUTE-TIMINGSUMMARY" Name="Alphabet_recognition_timing_summary_routed.rpt"/>
  <File Type="ROUTE-TIMING-PB" Name="Alphabet_recognition_timing_summary_routed.pb"/>
  <File Type="ROUTE-TIMING-RPX" Name="Alphabet_recognition_timing_summary_routed.rpx"/>
  <File Type="ROUTE-SIMILARITY" Name="Alphabet_recognition_incremental_reuse_routed.rpt"/>
  <File Type="ROUTE-CLK" Name="Alphabet_recognition_clock_utilization_routed.rpt"/>
  <File Type="ROUTE-BUS-SKEW" Name="Alphabet_recognition_bus_skew_routed.rpt"/>
  <File Type="ROUTE-BUS-SKEW-PB" Name="Alphabet_recognition_bus_skew_routed.pb"/>
  <File Type="ROUTE-BUS-SKEW-RPX" Name="Alphabet_recognition_bus_skew_routed.rpx"/>
  <File Type="POSTROUTE-PHYSOPT-DCP" Name="Alphabet_recognition_postroute_physopt.dcp"/>
  <File Type="POSTROUTE-PHYSOPT-BLACKBOX-DCP" Name="Alphabet_recognition_postroute_physopt_bb.dcp"/>
  <File Type="POSTROUTE-PHYSOPT-TIMING" Name="Alphabet_recognition_timing_summary_postroute_physopted.rpt"/>
  <File Type="POSTROUTE-PHYSOPT-TIMING-PB" Name="Alphabet_recognition_timing_summary_postroute_physopted.pb"/>
  <File Type="POSTROUTE-PHYSOPT-TIMING-RPX" Name="Alphabet_recognition_timing_summary_postroute_physopted.rpx"/>
  <File Type="POSTROUTE-PHYSOPT-BUS-SKEW" Name="Alphabet_recognition_bus_skew_postroute_physopted.rpt"/>
  <File Type="POSTROUTE-PHYSOPT-BUS-SKEW-PB" Name="Alphabet_recognition_bus_skew_postroute_physopted.pb"/>
  <File Type="BG-BIT" Name="Alphabet_recognition.bit"/>
  <File Type="POSTROUTE-PHYSOPT-BUS-SKEW-RPX" Name="Alphabet_recognition_bus_skew_postroute_physopted.rpx"/>
  <File Type="BITSTR-RBT" Name="Alphabet_recognition.rbt"/>
  <File Type="BITSTR-NKY" Name="Alphabet_recognition.nky"/>
  <File Type="BG-DRC" Name="Alphabet_recognition.drc"/>
  <File Type="RDI-RDI" Name="Alphabet_recognition.vdi"/>
  <File Type="WBT-USG" Name="usage_statistics_webtalk.html"/>
  <FileSet Name="sources" Type="DesignSrcs" RelSrcDir="$PSRCDIR/sources_1">
    <Filter Type="Srcs"/>
    <File Path="$PPRDIR/../Verilog/Address_generator.v">
      <FileInfo>
        <Attr Name="UsedIn" Val="synthesis"/>
        <Attr Name="UsedIn" Val="implementation"/>
        <Attr Name="UsedIn" Val="simulation"/>
      </FileInfo>
    </File>
    <File Path="$PPRDIR/../Verilog/Buffer_module_5x5.v">
      <FileInfo>
        <Attr Name="UsedIn" Val="synthesis"/>
        <Attr Name="UsedIn" Val="implementation"/>
        <Attr Name="UsedIn" Val="simulation"/>
      </FileInfo>
    </File>
    <File Path="$PPRDIR/../Verilog/Clk_divider.v">
      <FileInfo>
        <Attr Name="UsedIn" Val="synthesis"/>
        <Attr Name="UsedIn" Val="implementation"/>
        <Attr Name="UsedIn" Val="simulation"/>
      </FileInfo>
    </File>
    <File Path="$PPRDIR/../../../../../PRAJWAL_S_RAO/NITK/ACADEMICS/MAJOR PROJECT/CODE/TESTING/TESTING.srcs/sources_1/new/Convolution.v">
      <FileInfo>
        <Attr Name="UsedIn" Val="synthesis"/>
        <Attr Name="UsedIn" Val="implementation"/>
        <Attr Name="UsedIn" Val="simulation"/>
      </FileInfo>
    </File>
    <File Path="$PPRDIR/../Verilog/Convolution_5x5.v">
      <FileInfo>
        <Attr Name="UsedIn" Val="synthesis"/>
        <Attr Name="UsedIn" Val="implementation"/>
        <Attr Name="UsedIn" Val="simulation"/>
      </FileInfo>
    </File>
    <File Path="$PPRDIR/../Verilog/Inter_channel_addition.v">
      <FileInfo>
        <Attr Name="UsedIn" Val="synthesis"/>
        <Attr Name="UsedIn" Val="implementation"/>
        <Attr Name="UsedIn" Val="simulation"/>
      </FileInfo>
    </File>
    <File Path="$PPRDIR/../Verilog/Layer_0_and_Layer_1.v">
      <FileInfo>
        <Attr Name="UsedIn" Val="synthesis"/>
        <Attr Name="UsedIn" Val="implementation"/>
        <Attr Name="UsedIn" Val="simulation"/>
      </FileInfo>
    </File>
    <File Path="$PPRDIR/../Verilog/Layer_2_and_Layer_3.v">
      <FileInfo>
        <Attr Name="UsedIn" Val="synthesis"/>
        <Attr Name="UsedIn" Val="implementation"/>
        <Attr Name="UsedIn" Val="simulation"/>
      </FileInfo>
    </File>
    <File Path="$PPRDIR/../Verilog/Layer_4_and_Layer_5.v">
      <FileInfo>
        <Attr Name="UsedIn" Val="synthesis"/>
        <Attr Name="UsedIn" Val="implementation"/>
        <Attr Name="UsedIn" Val="simulation"/>
      </FileInfo>
    </File>
    <File Path="$PPRDIR/../Verilog/Layer_6.v">
      <FileInfo>
        <Attr Name="UsedIn" Val="synthesis"/>
        <Attr Name="UsedIn" Val="implementation"/>
        <Attr Name="UsedIn" Val="simulation"/>
      </FileInfo>
    </File>
    <File Path="$PPRDIR/../Verilog/Layer_7.v">
      <FileInfo>
        <Attr Name="UsedIn" Val="synthesis"/>
        <Attr Name="UsedIn" Val="implementation"/>
        <Attr Name="UsedIn" Val="simulation"/>
      </FileInfo>
    </File>
    <File Path="$PPRDIR/../Verilog/Layer_8.v">
      <FileInfo>
        <Attr Name="UsedIn" Val="synthesis"/>
        <Attr Name="UsedIn" Val="implementation"/>
        <Attr Name="UsedIn" Val="simulation"/>
      </FileInfo>
    </File>
    <File Path="$PPRDIR/../Verilog/Multiplexer_2x1.v">
      <FileInfo>
        <Attr Name="UsedIn" Val="synthesis"/>
        <Attr Name="UsedIn" Val="implementation"/>
        <Attr Name="UsedIn" Val="simulation"/>
      </FileInfo>
    </File>
    <File Path="$PPRDIR/../Verilog/Multiplexer_5x1.v">
      <FileInfo>
        <Attr Name="UsedIn" Val="synthesis"/>
        <Attr Name="UsedIn" Val="implementation"/>
        <Attr Name="UsedIn" Val="simulation"/>
      </FileInfo>
    </File>
    <File Path="$PPRDIR/../Verilog/Multiply_Add_Accumulate.v">
      <FileInfo>
        <Attr Name="UsedIn" Val="synthesis"/>
        <Attr Name="UsedIn" Val="implementation"/>
        <Attr Name="UsedIn" Val="simulation"/>
      </FileInfo>
    </File>
    <File Path="$PPRDIR/../Verilog/Neuron_last_layer.v">
      <FileInfo>
        <Attr Name="UsedIn" Val="synthesis"/>
        <Attr Name="UsedIn" Val="implementation"/>
        <Attr Name="UsedIn" Val="simulation"/>
      </FileInfo>
    </File>
    <File Path="$PPRDIR/../Verilog/Neuron_structure.v">
      <FileInfo>
        <Attr Name="UsedIn" Val="synthesis"/>
        <Attr Name="UsedIn" Val="implementation"/>
        <Attr Name="UsedIn" Val="simulation"/>
      </FileInfo>
    </File>
    <File Path="$PPRDIR/../Verilog/Odd_Even_Line_convolution.v">
      <FileInfo>
        <Attr Name="UsedIn" Val="synthesis"/>
        <Attr Name="UsedIn" Val="implementation"/>
        <Attr Name="UsedIn" Val="simulation"/>
      </FileInfo>
    </File>
    <File Path="$PPRDIR/../Verilog/Pipeline_Register_neuron.v">
      <FileInfo>
        <Attr Name="UsedIn" Val="synthesis"/>
        <Attr Name="UsedIn" Val="implementation"/>
        <Attr Name="UsedIn" Val="simulation"/>
      </FileInfo>
    </File>
    <File Path="$PPRDIR/../Verilog/Pipeline_Registers.v">
      <FileInfo>
        <Attr Name="UsedIn" Val="synthesis"/>
        <Attr Name="UsedIn" Val="implementation"/>
        <Attr Name="UsedIn" Val="simulation"/>
      </FileInfo>
    </File>
    <File Path="$PPRDIR/../Verilog/Relu_Activation.v">
      <FileInfo>
        <Attr Name="UsedIn" Val="synthesis"/>
        <Attr Name="UsedIn" Val="implementation"/>
        <Attr Name="UsedIn" Val="simulation"/>
      </FileInfo>
    </File>
    <File Path="$PPRDIR/../Verilog/Shift_Register.v">
      <FileInfo>
        <Attr Name="UsedIn" Val="synthesis"/>
        <Attr Name="UsedIn" Val="implementation"/>
        <Attr Name="UsedIn" Val="simulation"/>
      </FileInfo>
    </File>
    <File Path="$PPRDIR/../Verilog/Single_line_convolution.v">
      <FileInfo>
        <Attr Name="UsedIn" Val="synthesis"/>
        <Attr Name="UsedIn" Val="implementation"/>
        <Attr Name="UsedIn" Val="simulation"/>
      </FileInfo>
    </File>
    <File Path="$PPRDIR/../Verilog/Softmax_activation.v">
      <FileInfo>
        <Attr Name="UsedIn" Val="synthesis"/>
        <Attr Name="UsedIn" Val="implementation"/>
        <Attr Name="UsedIn" Val="simulation"/>
      </FileInfo>
    </File>
    <File Path="$PPRDIR/../Verilog/Sub_sampling.v">
      <FileInfo>
        <Attr Name="UsedIn" Val="synthesis"/>
        <Attr Name="UsedIn" Val="implementation"/>
        <Attr Name="UsedIn" Val="simulation"/>
      </FileInfo>
    </File>
    <File Path="$PSRCDIR/sources_1/new/Alphabet_recognition.v">
      <FileInfo>
        <Attr Name="UsedIn" Val="synthesis"/>
        <Attr Name="UsedIn" Val="implementation"/>
        <Attr Name="UsedIn" Val="simulation"/>
      </FileInfo>
    </File>
    <File Path="$PPRDIR/../Verilog/Neuron.v">
      <FileInfo>
        <Attr Name="AutoDisabled" Val="1"/>
        <Attr Name="UsedIn" Val="synthesis"/>
        <Attr Name="UsedIn" Val="implementation"/>
        <Attr Name="UsedIn" Val="simulation"/>
      </FileInfo>
    </File>
    <File Path="$PPRDIR/../Verilog/Addr_generator.v">
      <FileInfo>
        <Attr Name="AutoDisabled" Val="1"/>
        <Attr Name="UsedIn" Val="synthesis"/>
        <Attr Name="UsedIn" Val="implementation"/>
        <Attr Name="UsedIn" Val="simulation"/>
      </FileInfo>
    </File>
    <File Path="$PPRDIR/../Verilog/Multiplexer_20x1.v">
      <FileInfo>
        <Attr Name="AutoDisabled" Val="1"/>
        <Attr Name="UsedIn" Val="synthesis"/>
        <Attr Name="UsedIn" Val="implementation"/>
        <Attr Name="UsedIn" Val="simulation"/>
      </FileInfo>
    </File>
    <File Path="$PPRDIR/../Verilog/Single_Convolution.v">
      <FileInfo>
        <Attr Name="AutoDisabled" Val="1"/>
        <Attr Name="UsedIn" Val="synthesis"/>
        <Attr Name="UsedIn" Val="implementation"/>
        <Attr Name="UsedIn" Val="simulation"/>
      </FileInfo>
    </File>
    <File Path="$PPRDIR/../Verilog/Sigmoid_Activation.v">
      <FileInfo>
        <Attr Name="AutoDisabled" Val="1"/>
        <Attr Name="UsedIn" Val="synthesis"/>
        <Attr Name="UsedIn" Val="implementation"/>
        <Attr Name="UsedIn" Val="simulation"/>
      </FileInfo>
    </File>
    <Config>
      <Option Name="DesignMode" Val="RTL"/>
      <Option Name="TopModule" Val="Alphabet_recognition"/>
      <Option Name="TopAutoSet" Val="TRUE"/>
    </Config>
  </FileSet>
  <FileSet Name="constrs_in" Type="Constrs" RelSrcDir="$PSRCDIR/constrs_1">
    <Filter Type="Constrs"/>
    <Config>
      <Option Name="ConstrsType" Val="XDC"/>
    </Config>
  </FileSet>
  <FileSet Name="utils" Type="Utils" RelSrcDir="$PSRCDIR/utils_1">
    <Filter Type="Utils"/>
    <Config>
      <Option Name="TopAutoSet" Val="TRUE"/>
    </Config>
  </FileSet>
  <Strategy Version="1" Minor="2">
    <StratHandle Name="Vivado Implementation Defaults" Flow="Vivado Implementation 2019"/>
    <Step Id="init_design"/>
    <Step Id="opt_design"/>
    <Step Id="power_opt_design"/>
    <Step Id="place_design"/>
    <Step Id="post_place_power_opt_design"/>
    <Step Id="phys_opt_design"/>
    <Step Id="route_design"/>
    <Step Id="post_route_phys_opt_design"/>
    <Step Id="write_bitstream"/>
  </Strategy>
</GenRun>
